web-scraper-order,web-scraper-start-url,Flag,Country,IOC,FIFA,ISO
"1571845386-97","https://simple.wikipedia.org/wiki/Comparison_of_IOC,_FIFA,_and_ISO_3166_country_codes","","Guinea-Bissau","GBS","GNB","GNB"
"1571845386-72","https://simple.wikipedia.org/wiki/Comparison_of_IOC,_FIFA,_and_ISO_3166_country_codes","","Eritrea","ERI","ERI","ERI"
"1571845386-181","https://simple.wikipedia.org/wiki/Comparison_of_IOC,_FIFA,_and_ISO_3166_country_codes","","Portugal","POR","POR","PRT"
"1571845386-8","https://simple.wikipedia.org/wiki/Comparison_of_IOC,_FIFA,_and_ISO_3166_country_codes","","Angola","ANG","ANG","AGO"
"1571845386-127","https://simple.wikipedia.org/wiki/Comparison_of_IOC,_FIFA,_and_ISO_3166_country_codes","","Lesotho","LES","LES","LSO"
"1571845386-109","https://simple.wikipedia.org/wiki/Comparison_of_IOC,_FIFA,_and_ISO_3166_country_codes","","Ireland[10]","IRL","IRL","IRL"
"1571845386-46","https://simple.wikipedia.org/wiki/Comparison_of_IOC,_FIFA,_and_ISO_3166_country_codes","","Chad","CHA","CHA","TCD"
"1571845386-116","https://simple.wikipedia.org/wiki/Comparison_of_IOC,_FIFA,_and_ISO_3166_country_codes","","Jordan","JOR","JOR","JOR"
"1571845386-101","https://simple.wikipedia.org/wiki/Comparison_of_IOC,_FIFA,_and_ISO_3166_country_codes","","Honduras","HON","HON","HND"
"1571845386-144","https://simple.wikipedia.org/wiki/Comparison_of_IOC,_FIFA,_and_ISO_3166_country_codes","","Mauritius","MRI","MRI","MUS"
"1571845386-15","https://simple.wikipedia.org/wiki/Comparison_of_IOC,_FIFA,_and_ISO_3166_country_codes","","Australia","AUS","AUS","AUS"
"1571845386-242","https://simple.wikipedia.org/wiki/Comparison_of_IOC,_FIFA,_and_ISO_3166_country_codes","","Uruguay","URU","URU","URY"
"1571845386-190","https://simple.wikipedia.org/wiki/Comparison_of_IOC,_FIFA,_and_ISO_3166_country_codes","","Saint Kitts and Nevis","SKN","SKN","KNA"
"1571845386-40","https://simple.wikipedia.org/wiki/Comparison_of_IOC,_FIFA,_and_ISO_3166_country_codes","","Cambodia","CAM","CAM","KHM"
"1571845386-77","https://simple.wikipedia.org/wiki/Comparison_of_IOC,_FIFA,_and_ISO_3166_country_codes","","Fiji","FIJ","FIJ","FJI"
"1571845386-115","https://simple.wikipedia.org/wiki/Comparison_of_IOC,_FIFA,_and_ISO_3166_country_codes","","Jersey","","","JEY"
"1571845386-184","https://simple.wikipedia.org/wiki/Comparison_of_IOC,_FIFA,_and_ISO_3166_country_codes","","Réunion","","","REU"
"1571845386-240","https://simple.wikipedia.org/wiki/Comparison_of_IOC,_FIFA,_and_ISO_3166_country_codes","","United States Minor Outlying Islands","","","UMI"
"1571845386-166","https://simple.wikipedia.org/wiki/Comparison_of_IOC,_FIFA,_and_ISO_3166_country_codes","","Norfolk Island","","","NFK"
"1571845386-35","https://simple.wikipedia.org/wiki/Comparison_of_IOC,_FIFA,_and_ISO_3166_country_codes","","British Virgin Islands[2]","IVB","VGB","VGB"
"1571845386-249","https://simple.wikipedia.org/wiki/Comparison_of_IOC,_FIFA,_and_ISO_3166_country_codes","","Wallis and Futuna","","","WLF"
"1571845386-113","https://simple.wikipedia.org/wiki/Comparison_of_IOC,_FIFA,_and_ISO_3166_country_codes","","Jamaica","JAM","JAM","JAM"
"1571845386-5","https://simple.wikipedia.org/wiki/Comparison_of_IOC,_FIFA,_and_ISO_3166_country_codes","","Algeria","ALG","ALG","DZA"
"1571845386-26","https://simple.wikipedia.org/wiki/Comparison_of_IOC,_FIFA,_and_ISO_3166_country_codes","","Bermuda","BER","BER","BMU"
"1571845386-202","https://simple.wikipedia.org/wiki/Comparison_of_IOC,_FIFA,_and_ISO_3166_country_codes","","Seychelles","SEY","SEY","SYC"
"1571845386-150","https://simple.wikipedia.org/wiki/Comparison_of_IOC,_FIFA,_and_ISO_3166_country_codes","","Mongolia","MGL","MNG","MNG"
"1571845386-201","https://simple.wikipedia.org/wiki/Comparison_of_IOC,_FIFA,_and_ISO_3166_country_codes","","Serbia","SRB","SRB","SRB"
"1571845386-126","https://simple.wikipedia.org/wiki/Comparison_of_IOC,_FIFA,_and_ISO_3166_country_codes","","Lebanon","LIB","LIB","LBN"
"1571845386-38","https://simple.wikipedia.org/wiki/Comparison_of_IOC,_FIFA,_and_ISO_3166_country_codes","","Burkina Faso","BUR","BFA","BFA"
"1571845386-189","https://simple.wikipedia.org/wiki/Comparison_of_IOC,_FIFA,_and_ISO_3166_country_codes","","Saint Helena","","","SHN"
"1571845386-9","https://simple.wikipedia.org/wiki/Comparison_of_IOC,_FIFA,_and_ISO_3166_country_codes","","Anguilla","","AIA","AIA"
"1571845386-30","https://simple.wikipedia.org/wiki/Comparison_of_IOC,_FIFA,_and_ISO_3166_country_codes","","Bosnia and Herzegovina","BIH","BIH","BIH"
"1571845386-67","https://simple.wikipedia.org/wiki/Comparison_of_IOC,_FIFA,_and_ISO_3166_country_codes","","Ecuador","ECU","ECU","ECU"
"1571845386-96","https://simple.wikipedia.org/wiki/Comparison_of_IOC,_FIFA,_and_ISO_3166_country_codes","","Guinea","GUI","GUI","GIN"
"1571845386-210","https://simple.wikipedia.org/wiki/Comparison_of_IOC,_FIFA,_and_ISO_3166_country_codes","","South Africa","RSA","RSA","ZAF"
"1571845386-120","https://simple.wikipedia.org/wiki/Comparison_of_IOC,_FIFA,_and_ISO_3166_country_codes","","Korea, Democratic People's Rep. (North)[11]","PRK","PRK","PRK"
"1571845386-207","https://simple.wikipedia.org/wiki/Comparison_of_IOC,_FIFA,_and_ISO_3166_country_codes","","Slovenia","SLO","SVN","SVN"
"1571845386-54","https://simple.wikipedia.org/wiki/Comparison_of_IOC,_FIFA,_and_ISO_3166_country_codes","","Congo, Republic of[5]","CGO","CGO","COG"
"1571845386-25","https://simple.wikipedia.org/wiki/Comparison_of_IOC,_FIFA,_and_ISO_3166_country_codes","","Benin","BEN","BEN","BEN"
"1571845386-11","https://simple.wikipedia.org/wiki/Comparison_of_IOC,_FIFA,_and_ISO_3166_country_codes","","Antigua and Barbuda","ANT","ATG","ATG"
"1571845386-146","https://simple.wikipedia.org/wiki/Comparison_of_IOC,_FIFA,_and_ISO_3166_country_codes","","Mexico","MEX","MEX","MEX"
"1571845386-226","https://simple.wikipedia.org/wiki/Comparison_of_IOC,_FIFA,_and_ISO_3166_country_codes","","Togo","TOG","TOG","TGO"
"1571845386-91","https://simple.wikipedia.org/wiki/Comparison_of_IOC,_FIFA,_and_ISO_3166_country_codes","","Grenada","GRN","GRN","GRD"
"1571845386-191","https://simple.wikipedia.org/wiki/Comparison_of_IOC,_FIFA,_and_ISO_3166_country_codes","","Saint Lucia","LCA","LCA","LCA"
"1571845386-177","https://simple.wikipedia.org/wiki/Comparison_of_IOC,_FIFA,_and_ISO_3166_country_codes","","Peru","PER","PER","PER"
"1571845386-68","https://simple.wikipedia.org/wiki/Comparison_of_IOC,_FIFA,_and_ISO_3166_country_codes","","Egypt","EGY","EGY","EGY"
"1571845386-76","https://simple.wikipedia.org/wiki/Comparison_of_IOC,_FIFA,_and_ISO_3166_country_codes","","Faroe Islands","","FRO","FRO"
"1571845386-143","https://simple.wikipedia.org/wiki/Comparison_of_IOC,_FIFA,_and_ISO_3166_country_codes","","Mauritania","MTN","MTN","MRT"
"1571845386-48","https://simple.wikipedia.org/wiki/Comparison_of_IOC,_FIFA,_and_ISO_3166_country_codes","","China, People's Republic of[3]","CHN","CHN","CHN"
"1571845386-98","https://simple.wikipedia.org/wiki/Comparison_of_IOC,_FIFA,_and_ISO_3166_country_codes","","Guyana","GUY","GUY","GUY"
"1571845386-37","https://simple.wikipedia.org/wiki/Comparison_of_IOC,_FIFA,_and_ISO_3166_country_codes","","Bulgaria","BUL","BUL","BGR"
"1571845386-32","https://simple.wikipedia.org/wiki/Comparison_of_IOC,_FIFA,_and_ISO_3166_country_codes","","Bouvet Island","","","BVT"
"1571845386-141","https://simple.wikipedia.org/wiki/Comparison_of_IOC,_FIFA,_and_ISO_3166_country_codes","","Marshall Islands","MHL","","MHL"
"1571845386-223","https://simple.wikipedia.org/wiki/Comparison_of_IOC,_FIFA,_and_ISO_3166_country_codes","","Tanzania","TAN","TAN","TZA"
"1571845386-186","https://simple.wikipedia.org/wiki/Comparison_of_IOC,_FIFA,_and_ISO_3166_country_codes","","Russia","RUS","RUS","RUS"
"1571845386-164","https://simple.wikipedia.org/wiki/Comparison_of_IOC,_FIFA,_and_ISO_3166_country_codes","","Nigeria","NGR","NGA","NGA"
"1571845386-149","https://simple.wikipedia.org/wiki/Comparison_of_IOC,_FIFA,_and_ISO_3166_country_codes","","Monaco","MON","","MCO"
"1571845386-252","https://simple.wikipedia.org/wiki/Comparison_of_IOC,_FIFA,_and_ISO_3166_country_codes","","Zambia","ZAM","ZAM","ZMB"
"1571845386-56","https://simple.wikipedia.org/wiki/Comparison_of_IOC,_FIFA,_and_ISO_3166_country_codes","","Costa Rica","CRC","CRC","CRI"
"1571845386-42","https://simple.wikipedia.org/wiki/Comparison_of_IOC,_FIFA,_and_ISO_3166_country_codes","","Canada","CAN","CAN","CAN"
"1571845386-124","https://simple.wikipedia.org/wiki/Comparison_of_IOC,_FIFA,_and_ISO_3166_country_codes","","Laos","LAO","LAO","LAO"
"1571845386-34","https://simple.wikipedia.org/wiki/Comparison_of_IOC,_FIFA,_and_ISO_3166_country_codes","","British Indian Ocean Territory","","","IOT"
"1571845386-103","https://simple.wikipedia.org/wiki/Comparison_of_IOC,_FIFA,_and_ISO_3166_country_codes","","Hungary","HUN","HUN","HUN"
"1571845386-148","https://simple.wikipedia.org/wiki/Comparison_of_IOC,_FIFA,_and_ISO_3166_country_codes","","Moldova","MDA","MDA","MDA"
"1571845386-169","https://simple.wikipedia.org/wiki/Comparison_of_IOC,_FIFA,_and_ISO_3166_country_codes","","Norway","NOR","NOR","NOR"
"1571845386-82","https://simple.wikipedia.org/wiki/Comparison_of_IOC,_FIFA,_and_ISO_3166_country_codes","","French Southern and Antarctic Lands","","","ATF"
"1571845386-112","https://simple.wikipedia.org/wiki/Comparison_of_IOC,_FIFA,_and_ISO_3166_country_codes","","Italy","ITA","ITA","ITA"
"1571845386-27","https://simple.wikipedia.org/wiki/Comparison_of_IOC,_FIFA,_and_ISO_3166_country_codes","","Bhutan","BHU","BHU","BTN"
"1571845386-203","https://simple.wikipedia.org/wiki/Comparison_of_IOC,_FIFA,_and_ISO_3166_country_codes","","Sierra Leone","SLE","SLE","SLE"
"1571845386-200","https://simple.wikipedia.org/wiki/Comparison_of_IOC,_FIFA,_and_ISO_3166_country_codes","","Senegal","SEN","SEN","SEN"
"1571845386-90","https://simple.wikipedia.org/wiki/Comparison_of_IOC,_FIFA,_and_ISO_3166_country_codes","","Greenland","","","GRL"
"1571845386-50","https://simple.wikipedia.org/wiki/Comparison_of_IOC,_FIFA,_and_ISO_3166_country_codes","","Cocos (Keeling) Islands","","","CCK"
"1571845386-162","https://simple.wikipedia.org/wiki/Comparison_of_IOC,_FIFA,_and_ISO_3166_country_codes","","Nicaragua","NCA","NCA","NIC"
"1571845386-248","https://simple.wikipedia.org/wiki/Comparison_of_IOC,_FIFA,_and_ISO_3166_country_codes","","Wales","","WAL","[21]"
"1571845386-180","https://simple.wikipedia.org/wiki/Comparison_of_IOC,_FIFA,_and_ISO_3166_country_codes","","Poland","POL","POL","POL"
"1571845386-157","https://simple.wikipedia.org/wiki/Comparison_of_IOC,_FIFA,_and_ISO_3166_country_codes","","Nauru","NRU","","NRU"
"1571845386-213","https://simple.wikipedia.org/wiki/Comparison_of_IOC,_FIFA,_and_ISO_3166_country_codes","","Sri Lanka","SRI","SRI","LKA"
"1571845386-14","https://simple.wikipedia.org/wiki/Comparison_of_IOC,_FIFA,_and_ISO_3166_country_codes","","Aruba","ARU","ARU","ABW"
"1571845386-204","https://simple.wikipedia.org/wiki/Comparison_of_IOC,_FIFA,_and_ISO_3166_country_codes","","Singapore","SGP","SIN","SGP"
"1571845386-20","https://simple.wikipedia.org/wiki/Comparison_of_IOC,_FIFA,_and_ISO_3166_country_codes","","Bangladesh","BAN","BAN","BGD"
"1571845386-93","https://simple.wikipedia.org/wiki/Comparison_of_IOC,_FIFA,_and_ISO_3166_country_codes","","Guam","GUM","GUM","GUM"
"1571845386-66","https://simple.wikipedia.org/wiki/Comparison_of_IOC,_FIFA,_and_ISO_3166_country_codes","","Dominican Republic","DOM","DOM","DOM"
"1571845386-234","https://simple.wikipedia.org/wiki/Comparison_of_IOC,_FIFA,_and_ISO_3166_country_codes","","Tuvalu","TUV","","TUV"
"1571845386-125","https://simple.wikipedia.org/wiki/Comparison_of_IOC,_FIFA,_and_ISO_3166_country_codes","","Latvia","LAT","LVA","LVA"
"1571845386-62","https://simple.wikipedia.org/wiki/Comparison_of_IOC,_FIFA,_and_ISO_3166_country_codes","","Czech Republic","CZE","CZE","CZE"
"1571845386-105","https://simple.wikipedia.org/wiki/Comparison_of_IOC,_FIFA,_and_ISO_3166_country_codes","","India","IND","IND","IND"
"1571845386-137","https://simple.wikipedia.org/wiki/Comparison_of_IOC,_FIFA,_and_ISO_3166_country_codes","","Malaysia","MAS","MAS","MYS"
"1571845386-18","https://simple.wikipedia.org/wiki/Comparison_of_IOC,_FIFA,_and_ISO_3166_country_codes","","The Bahamas","BAH","BAH","BHS"
"1571845386-198","https://simple.wikipedia.org/wiki/Comparison_of_IOC,_FIFA,_and_ISO_3166_country_codes","","Saudi Arabia","KSA","KSA","SAU"
"1571845386-2","https://simple.wikipedia.org/wiki/Comparison_of_IOC,_FIFA,_and_ISO_3166_country_codes","","Afghanistan","AFG","AFG","AFG"
"1571845386-3","https://simple.wikipedia.org/wiki/Comparison_of_IOC,_FIFA,_and_ISO_3166_country_codes","","Åland Islands","","","ALA"
"1571845386-108","https://simple.wikipedia.org/wiki/Comparison_of_IOC,_FIFA,_and_ISO_3166_country_codes","","Iraq","IRQ","IRQ","IRQ"
"1571845386-114","https://simple.wikipedia.org/wiki/Comparison_of_IOC,_FIFA,_and_ISO_3166_country_codes","","Japan","JPN","JPN","JPN"
"1571845386-195","https://simple.wikipedia.org/wiki/Comparison_of_IOC,_FIFA,_and_ISO_3166_country_codes","","Samoa[1]","SAM","SAM","WSM"
"1571845386-174","https://simple.wikipedia.org/wiki/Comparison_of_IOC,_FIFA,_and_ISO_3166_country_codes","","Panama","PAN","PAN","PAN"
"1571845386-47","https://simple.wikipedia.org/wiki/Comparison_of_IOC,_FIFA,_and_ISO_3166_country_codes","","Chile","CHI","CHI","CHL"
"1571845386-238","https://simple.wikipedia.org/wiki/Comparison_of_IOC,_FIFA,_and_ISO_3166_country_codes","","United Kingdom[19]","GBR","","GBR"
"1571845386-135","https://simple.wikipedia.org/wiki/Comparison_of_IOC,_FIFA,_and_ISO_3166_country_codes","","Madagascar","MAD","MAD","MDG"
"1571845386-159","https://simple.wikipedia.org/wiki/Comparison_of_IOC,_FIFA,_and_ISO_3166_country_codes","","Netherlands","NED","NED","NLD"
"1571845386-45","https://simple.wikipedia.org/wiki/Comparison_of_IOC,_FIFA,_and_ISO_3166_country_codes","","Central African Republic","CAF","CTA","CAF"
"1571845386-41","https://simple.wikipedia.org/wiki/Comparison_of_IOC,_FIFA,_and_ISO_3166_country_codes","","Cameroon","CMR","CMR","CMR"
"1571845386-7","https://simple.wikipedia.org/wiki/Comparison_of_IOC,_FIFA,_and_ISO_3166_country_codes","","Andorra","AND","AND","AND"
"1571845386-23","https://simple.wikipedia.org/wiki/Comparison_of_IOC,_FIFA,_and_ISO_3166_country_codes","","Belgium","BEL","BEL","BEL"
"1571845386-183","https://simple.wikipedia.org/wiki/Comparison_of_IOC,_FIFA,_and_ISO_3166_country_codes","","Qatar","QAT","QAT","QAT"
"1571845386-193","https://simple.wikipedia.org/wiki/Comparison_of_IOC,_FIFA,_and_ISO_3166_country_codes","","Saint Pierre and Miquelon","","","SPM"
"1571845386-139","https://simple.wikipedia.org/wiki/Comparison_of_IOC,_FIFA,_and_ISO_3166_country_codes","","Mali","MLI","MLI","MLI"
"1571845386-121","https://simple.wikipedia.org/wiki/Comparison_of_IOC,_FIFA,_and_ISO_3166_country_codes","","Korea, Republic of (South)[12]","KOR","KOR","KOR"
"1571845386-167","https://simple.wikipedia.org/wiki/Comparison_of_IOC,_FIFA,_and_ISO_3166_country_codes","","Northern Ireland","","NIR","[15]"
"1571845386-199","https://simple.wikipedia.org/wiki/Comparison_of_IOC,_FIFA,_and_ISO_3166_country_codes","","Scotland","","SCO","[16]"
"1571845386-197","https://simple.wikipedia.org/wiki/Comparison_of_IOC,_FIFA,_and_ISO_3166_country_codes","","São Tomé and Príncipe","STP","STP","STP"
"1571845386-33","https://simple.wikipedia.org/wiki/Comparison_of_IOC,_FIFA,_and_ISO_3166_country_codes","","Brazil","BRA","BRA","BRA"
"1571845386-244","https://simple.wikipedia.org/wiki/Comparison_of_IOC,_FIFA,_and_ISO_3166_country_codes","","Vanuatu","VAN","VAN","VUT"
"1571845386-88","https://simple.wikipedia.org/wiki/Comparison_of_IOC,_FIFA,_and_ISO_3166_country_codes","","Gibraltar","","GIB","GIB"
"1571845386-212","https://simple.wikipedia.org/wiki/Comparison_of_IOC,_FIFA,_and_ISO_3166_country_codes","","Spain","ESP","ESP","ESP"
"1571845386-100","https://simple.wikipedia.org/wiki/Comparison_of_IOC,_FIFA,_and_ISO_3166_country_codes","","Heard Island and McDonald Islands","","","HMD"
"1571845386-53","https://simple.wikipedia.org/wiki/Comparison_of_IOC,_FIFA,_and_ISO_3166_country_codes","","Congo, Democratic Republic of the[4]","COD","COD","COD"
"1571845386-117","https://simple.wikipedia.org/wiki/Comparison_of_IOC,_FIFA,_and_ISO_3166_country_codes","","Kazakhstan","KAZ","KAZ","KAZ"
"1571845386-99","https://simple.wikipedia.org/wiki/Comparison_of_IOC,_FIFA,_and_ISO_3166_country_codes","","Haiti","HAI","HAI","HTI"
"1571845386-221","https://simple.wikipedia.org/wiki/Comparison_of_IOC,_FIFA,_and_ISO_3166_country_codes","","Republic of China (Taiwan)[17]","TPE","TPE","TWN"
"1571845386-158","https://simple.wikipedia.org/wiki/Comparison_of_IOC,_FIFA,_and_ISO_3166_country_codes","","Nepal","NEP","NEP","NPL"
"1571845386-87","https://simple.wikipedia.org/wiki/Comparison_of_IOC,_FIFA,_and_ISO_3166_country_codes","","Ghana","GHA","GHA","GHA"
"1571845386-185","https://simple.wikipedia.org/wiki/Comparison_of_IOC,_FIFA,_and_ISO_3166_country_codes","","Romania","ROU","ROU","ROU"
"1571845386-122","https://simple.wikipedia.org/wiki/Comparison_of_IOC,_FIFA,_and_ISO_3166_country_codes","","Kuwait","KUW","KUW","KWT"
"1571845386-110","https://simple.wikipedia.org/wiki/Comparison_of_IOC,_FIFA,_and_ISO_3166_country_codes","","Isle of Man","","","IMN"
"1571845386-138","https://simple.wikipedia.org/wiki/Comparison_of_IOC,_FIFA,_and_ISO_3166_country_codes","","Maldives","MDV","MDV","MDV"
"1571845386-106","https://simple.wikipedia.org/wiki/Comparison_of_IOC,_FIFA,_and_ISO_3166_country_codes","","Indonesia","INA","IDN","IDN"
"1571845386-236","https://simple.wikipedia.org/wiki/Comparison_of_IOC,_FIFA,_and_ISO_3166_country_codes","","Ukraine","UKR","UKR","UKR"
"1571845386-86","https://simple.wikipedia.org/wiki/Comparison_of_IOC,_FIFA,_and_ISO_3166_country_codes","","Germany","GER","GER","DEU"
"1571845386-251","https://simple.wikipedia.org/wiki/Comparison_of_IOC,_FIFA,_and_ISO_3166_country_codes","","Yemen","YEM","YEM","YEM"
"1571845386-215","https://simple.wikipedia.org/wiki/Comparison_of_IOC,_FIFA,_and_ISO_3166_country_codes","","Suriname","SUR","SUR","SUR"
"1571845386-31","https://simple.wikipedia.org/wiki/Comparison_of_IOC,_FIFA,_and_ISO_3166_country_codes","","Botswana","BOT","BOT","BWA"
"1571845386-220","https://simple.wikipedia.org/wiki/Comparison_of_IOC,_FIFA,_and_ISO_3166_country_codes","","Syria","SYR","SYR","SYR"
"1571845386-79","https://simple.wikipedia.org/wiki/Comparison_of_IOC,_FIFA,_and_ISO_3166_country_codes","","France","FRA","FRA","FRA"
"1571845386-152","https://simple.wikipedia.org/wiki/Comparison_of_IOC,_FIFA,_and_ISO_3166_country_codes","","Montserrat","","MSR","MSR"
"1571845386-237","https://simple.wikipedia.org/wiki/Comparison_of_IOC,_FIFA,_and_ISO_3166_country_codes","","United Arab Emirates","UAE","UAE","ARE"
"1571845386-84","https://simple.wikipedia.org/wiki/Comparison_of_IOC,_FIFA,_and_ISO_3166_country_codes","","The Gambia","GAM","GAM","GMB"
"1571845386-85","https://simple.wikipedia.org/wiki/Comparison_of_IOC,_FIFA,_and_ISO_3166_country_codes","","Georgia","GEO","GEO","GEO"
"1571845386-92","https://simple.wikipedia.org/wiki/Comparison_of_IOC,_FIFA,_and_ISO_3166_country_codes","","Guadeloupe","","","GLP"
"1571845386-60","https://simple.wikipedia.org/wiki/Comparison_of_IOC,_FIFA,_and_ISO_3166_country_codes","","Curaçao","","","CUW"
"1571845386-170","https://simple.wikipedia.org/wiki/Comparison_of_IOC,_FIFA,_and_ISO_3166_country_codes","","Oman","OMA","OMA","OMN"
"1571845386-58","https://simple.wikipedia.org/wiki/Comparison_of_IOC,_FIFA,_and_ISO_3166_country_codes","","Croatia","CRO","CRO","HRV"
"1571845386-12","https://simple.wikipedia.org/wiki/Comparison_of_IOC,_FIFA,_and_ISO_3166_country_codes","","Argentina","ARG","ARG","ARG"
"1571845386-176","https://simple.wikipedia.org/wiki/Comparison_of_IOC,_FIFA,_and_ISO_3166_country_codes","","Paraguay","PAR","PAR","PRY"
"1571845386-241","https://simple.wikipedia.org/wiki/Comparison_of_IOC,_FIFA,_and_ISO_3166_country_codes","","United States Virgin Islands[20]","ISV","VIR","VIR"
"1571845386-192","https://simple.wikipedia.org/wiki/Comparison_of_IOC,_FIFA,_and_ISO_3166_country_codes","","Saint Martin (French part)","","","MAF"
"1571845386-196","https://simple.wikipedia.org/wiki/Comparison_of_IOC,_FIFA,_and_ISO_3166_country_codes","","San Marino","SMR","SMR","SMR"
"1571845386-214","https://simple.wikipedia.org/wiki/Comparison_of_IOC,_FIFA,_and_ISO_3166_country_codes","","Sudan","SUD","SDN","SDN"
"1571845386-134","https://simple.wikipedia.org/wiki/Comparison_of_IOC,_FIFA,_and_ISO_3166_country_codes","","Macedonia[14]","MKD","MKD","MKD"
"1571845386-151","https://simple.wikipedia.org/wiki/Comparison_of_IOC,_FIFA,_and_ISO_3166_country_codes","","Montenegro","MNE","MNE","MNE"
"1571845386-153","https://simple.wikipedia.org/wiki/Comparison_of_IOC,_FIFA,_and_ISO_3166_country_codes","","Morocco","MAR","MAR","MAR"
"1571845386-36","https://simple.wikipedia.org/wiki/Comparison_of_IOC,_FIFA,_and_ISO_3166_country_codes","","Brunei","BRU","BRU","BRN"
"1571845386-205","https://simple.wikipedia.org/wiki/Comparison_of_IOC,_FIFA,_and_ISO_3166_country_codes","","Sint Maarten (Dutch part)","","","SXM"
"1571845386-43","https://simple.wikipedia.org/wiki/Comparison_of_IOC,_FIFA,_and_ISO_3166_country_codes","","Cape Verde","CPV","CPV","CPV"
"1571845386-230","https://simple.wikipedia.org/wiki/Comparison_of_IOC,_FIFA,_and_ISO_3166_country_codes","","Tunisia","TUN","TUN","TUN"
"1571845386-29","https://simple.wikipedia.org/wiki/Comparison_of_IOC,_FIFA,_and_ISO_3166_country_codes","","Caribbean Netherlands","AHO","","BES"
"1571845386-245","https://simple.wikipedia.org/wiki/Comparison_of_IOC,_FIFA,_and_ISO_3166_country_codes","","Vatican City State","","","VAT"
"1571845386-13","https://simple.wikipedia.org/wiki/Comparison_of_IOC,_FIFA,_and_ISO_3166_country_codes","","Armenia","ARM","ARM","ARM"
"1571845386-95","https://simple.wikipedia.org/wiki/Comparison_of_IOC,_FIFA,_and_ISO_3166_country_codes","","Guernsey","","","GGY"
"1571845386-119","https://simple.wikipedia.org/wiki/Comparison_of_IOC,_FIFA,_and_ISO_3166_country_codes","","Kiribati","KIR","","KIR"
"1571845386-187","https://simple.wikipedia.org/wiki/Comparison_of_IOC,_FIFA,_and_ISO_3166_country_codes","","Rwanda","RWA","RWA","RWA"
"1571845386-52","https://simple.wikipedia.org/wiki/Comparison_of_IOC,_FIFA,_and_ISO_3166_country_codes","","Comoros","COM","COM","COM"
"1571845386-63","https://simple.wikipedia.org/wiki/Comparison_of_IOC,_FIFA,_and_ISO_3166_country_codes","","Denmark","DEN","DEN","DNK"
"1571845386-229","https://simple.wikipedia.org/wiki/Comparison_of_IOC,_FIFA,_and_ISO_3166_country_codes","","Trinidad and Tobago","TTO","TRI","TTO"
"1571845386-4","https://simple.wikipedia.org/wiki/Comparison_of_IOC,_FIFA,_and_ISO_3166_country_codes","","Albania","ALB","ALB","ALB"
"1571845386-182","https://simple.wikipedia.org/wiki/Comparison_of_IOC,_FIFA,_and_ISO_3166_country_codes","","Puerto Rico","PUR","PUR","PRI"
"1571845386-155","https://simple.wikipedia.org/wiki/Comparison_of_IOC,_FIFA,_and_ISO_3166_country_codes","","Myanmar","MYA","MYA","MMR"
"1571845386-71","https://simple.wikipedia.org/wiki/Comparison_of_IOC,_FIFA,_and_ISO_3166_country_codes","","Equatorial Guinea","GEQ","EQG","GNQ"
"1571845386-142","https://simple.wikipedia.org/wiki/Comparison_of_IOC,_FIFA,_and_ISO_3166_country_codes","","Martinique","","","MTQ"
"1571845386-44","https://simple.wikipedia.org/wiki/Comparison_of_IOC,_FIFA,_and_ISO_3166_country_codes","","Cayman Islands","CAY","CAY","CYM"
"1571845386-172","https://simple.wikipedia.org/wiki/Comparison_of_IOC,_FIFA,_and_ISO_3166_country_codes","","Palau","PLW","","PLW"
"1571845386-73","https://simple.wikipedia.org/wiki/Comparison_of_IOC,_FIFA,_and_ISO_3166_country_codes","","Estonia","EST","EST","EST"
"1571845386-19","https://simple.wikipedia.org/wiki/Comparison_of_IOC,_FIFA,_and_ISO_3166_country_codes","","Bahrain","BRN","BHR","BHR"
"1571845386-225","https://simple.wikipedia.org/wiki/Comparison_of_IOC,_FIFA,_and_ISO_3166_country_codes","","Timor-Leste[18]","TLS","TLS","TLS"
"1571845386-216","https://simple.wikipedia.org/wiki/Comparison_of_IOC,_FIFA,_and_ISO_3166_country_codes","","Svalbard and Jan Mayen","","","SJM"
"1571845386-123","https://simple.wikipedia.org/wiki/Comparison_of_IOC,_FIFA,_and_ISO_3166_country_codes","","Kyrgyzstan","KGZ","KGZ","KGZ"
"1571845386-227","https://simple.wikipedia.org/wiki/Comparison_of_IOC,_FIFA,_and_ISO_3166_country_codes","","Tokelau","","","TKL"
"1571845386-232","https://simple.wikipedia.org/wiki/Comparison_of_IOC,_FIFA,_and_ISO_3166_country_codes","","Turkmenistan","TKM","TKM","TKM"
"1571845386-70","https://simple.wikipedia.org/wiki/Comparison_of_IOC,_FIFA,_and_ISO_3166_country_codes","","England","","ENG","[7]"
"1571845386-28","https://simple.wikipedia.org/wiki/Comparison_of_IOC,_FIFA,_and_ISO_3166_country_codes","","Bolivia","BOL","BOL","BOL"
"1571845386-133","https://simple.wikipedia.org/wiki/Comparison_of_IOC,_FIFA,_and_ISO_3166_country_codes","","Macau[13]","","MAC","MAC"
"1571845386-94","https://simple.wikipedia.org/wiki/Comparison_of_IOC,_FIFA,_and_ISO_3166_country_codes","","Guatemala","GUA","GUA","GTM"
"1571845386-80","https://simple.wikipedia.org/wiki/Comparison_of_IOC,_FIFA,_and_ISO_3166_country_codes","","French Guiana","","","GUF"
"1571845386-222","https://simple.wikipedia.org/wiki/Comparison_of_IOC,_FIFA,_and_ISO_3166_country_codes","","Tajikistan","TJK","TJK","TJK"
"1571845386-224","https://simple.wikipedia.org/wiki/Comparison_of_IOC,_FIFA,_and_ISO_3166_country_codes","","Thailand","THA","THA","THA"
"1571845386-65","https://simple.wikipedia.org/wiki/Comparison_of_IOC,_FIFA,_and_ISO_3166_country_codes","","Dominica[6]","DMA","DMA","DMA"
"1571845386-83","https://simple.wikipedia.org/wiki/Comparison_of_IOC,_FIFA,_and_ISO_3166_country_codes","","Gabon","GAB","GAB","GAB"
"1571845386-156","https://simple.wikipedia.org/wiki/Comparison_of_IOC,_FIFA,_and_ISO_3166_country_codes","","Namibia","NAM","NAM","NAM"
"1571845386-211","https://simple.wikipedia.org/wiki/Comparison_of_IOC,_FIFA,_and_ISO_3166_country_codes","","South Georgia and the South Sandwich Islands","","","SGS"
"1571845386-17","https://simple.wikipedia.org/wiki/Comparison_of_IOC,_FIFA,_and_ISO_3166_country_codes","","Azerbaijan","AZE","AZE","AZE"
"1571845386-253","https://simple.wikipedia.org/wiki/Comparison_of_IOC,_FIFA,_and_ISO_3166_country_codes","","Zimbabwe","ZIM","ZIM","ZWE"
"1571845386-247","https://simple.wikipedia.org/wiki/Comparison_of_IOC,_FIFA,_and_ISO_3166_country_codes","","Vietnam","VIE","VIE","VNM"
"1571845386-6","https://simple.wikipedia.org/wiki/Comparison_of_IOC,_FIFA,_and_ISO_3166_country_codes","","American Samoa[1]","ASA","ASA","ASM"
"1571845386-154","https://simple.wikipedia.org/wiki/Comparison_of_IOC,_FIFA,_and_ISO_3166_country_codes","","Mozambique","MOZ","MOZ","MOZ"
"1571845386-136","https://simple.wikipedia.org/wiki/Comparison_of_IOC,_FIFA,_and_ISO_3166_country_codes","","Malawi","MAW","MWI","MWI"
"1571845386-104","https://simple.wikipedia.org/wiki/Comparison_of_IOC,_FIFA,_and_ISO_3166_country_codes","","Iceland","ISL","ISL","ISL"
"1571845386-22","https://simple.wikipedia.org/wiki/Comparison_of_IOC,_FIFA,_and_ISO_3166_country_codes","","Belarus","BLR","BLR","BLR"
"1571845386-89","https://simple.wikipedia.org/wiki/Comparison_of_IOC,_FIFA,_and_ISO_3166_country_codes","","Greece","GRE","GRE","GRC"
"1571845386-131","https://simple.wikipedia.org/wiki/Comparison_of_IOC,_FIFA,_and_ISO_3166_country_codes","","Lithuania","LTU","LTU","LTU"
"1571845386-132","https://simple.wikipedia.org/wiki/Comparison_of_IOC,_FIFA,_and_ISO_3166_country_codes","","Luxembourg","LUX","LUX","LUX"
"1571845386-147","https://simple.wikipedia.org/wiki/Comparison_of_IOC,_FIFA,_and_ISO_3166_country_codes","","Micronesia, Federated States of","FSM","","FSM"
"1571845386-78","https://simple.wikipedia.org/wiki/Comparison_of_IOC,_FIFA,_and_ISO_3166_country_codes","","Finland","FIN","FIN","FIN"
"1571845386-218","https://simple.wikipedia.org/wiki/Comparison_of_IOC,_FIFA,_and_ISO_3166_country_codes","","Sweden","SWE","SWE","SWE"
"1571845386-10","https://simple.wikipedia.org/wiki/Comparison_of_IOC,_FIFA,_and_ISO_3166_country_codes","","Antarctica","","","ATA"
"1571845386-235","https://simple.wikipedia.org/wiki/Comparison_of_IOC,_FIFA,_and_ISO_3166_country_codes","","Uganda","UGA","UGA","UGA"
"1571845386-209","https://simple.wikipedia.org/wiki/Comparison_of_IOC,_FIFA,_and_ISO_3166_country_codes","","Somalia","SOM","SOM","SOM"
"1571845386-81","https://simple.wikipedia.org/wiki/Comparison_of_IOC,_FIFA,_and_ISO_3166_country_codes","","French Polynesia[8]","","TAH","PYF"
"1571845386-57","https://simple.wikipedia.org/wiki/Comparison_of_IOC,_FIFA,_and_ISO_3166_country_codes","","Côte d'Ivoire","CIV","CIV","CIV"
"1571845386-111","https://simple.wikipedia.org/wiki/Comparison_of_IOC,_FIFA,_and_ISO_3166_country_codes","","Israel","ISR","ISR","ISR"
"1571845386-168","https://simple.wikipedia.org/wiki/Comparison_of_IOC,_FIFA,_and_ISO_3166_country_codes","","Northern Mariana Islands","","","MNP"
"1571845386-55","https://simple.wikipedia.org/wiki/Comparison_of_IOC,_FIFA,_and_ISO_3166_country_codes","","Cook Islands","COK","COK","COK"
"1571845386-24","https://simple.wikipedia.org/wiki/Comparison_of_IOC,_FIFA,_and_ISO_3166_country_codes","","Belize","BIZ","BLZ","BLZ"
"1571845386-219","https://simple.wikipedia.org/wiki/Comparison_of_IOC,_FIFA,_and_ISO_3166_country_codes","","Switzerland","SUI","SUI","CHE"
"1571845386-208","https://simple.wikipedia.org/wiki/Comparison_of_IOC,_FIFA,_and_ISO_3166_country_codes","","Solomon Islands","SOL","SOL","SLB"
"1571845386-129","https://simple.wikipedia.org/wiki/Comparison_of_IOC,_FIFA,_and_ISO_3166_country_codes","","Libya","LBA","LBY","LBY"
"1571845386-39","https://simple.wikipedia.org/wiki/Comparison_of_IOC,_FIFA,_and_ISO_3166_country_codes","","Burundi","BDI","BDI","BDI"
"1571845386-51","https://simple.wikipedia.org/wiki/Comparison_of_IOC,_FIFA,_and_ISO_3166_country_codes","","Colombia","COL","COL","COL"
"1571845386-21","https://simple.wikipedia.org/wiki/Comparison_of_IOC,_FIFA,_and_ISO_3166_country_codes","","Barbados","BAR","BRB","BRB"
"1571845386-171","https://simple.wikipedia.org/wiki/Comparison_of_IOC,_FIFA,_and_ISO_3166_country_codes","","Pakistan","PAK","PAK","PAK"
"1571845386-217","https://simple.wikipedia.org/wiki/Comparison_of_IOC,_FIFA,_and_ISO_3166_country_codes","","Swaziland","SWZ","SWZ","SWZ"
"1571845386-69","https://simple.wikipedia.org/wiki/Comparison_of_IOC,_FIFA,_and_ISO_3166_country_codes","","El Salvador","ESA","SLV","SLV"
"1571845386-16","https://simple.wikipedia.org/wiki/Comparison_of_IOC,_FIFA,_and_ISO_3166_country_codes","","Austria","AUT","AUT","AUT"
"1571845386-206","https://simple.wikipedia.org/wiki/Comparison_of_IOC,_FIFA,_and_ISO_3166_country_codes","","Slovakia","SVK","SVK","SVK"
"1571845386-165","https://simple.wikipedia.org/wiki/Comparison_of_IOC,_FIFA,_and_ISO_3166_country_codes","","Niue","","","NIU"
"1571845386-75","https://simple.wikipedia.org/wiki/Comparison_of_IOC,_FIFA,_and_ISO_3166_country_codes","","Falkland Islands","","","FLK"
"1571845386-59","https://simple.wikipedia.org/wiki/Comparison_of_IOC,_FIFA,_and_ISO_3166_country_codes","","Cuba","CUB","CUB","CUB"
"1571845386-250","https://simple.wikipedia.org/wiki/Comparison_of_IOC,_FIFA,_and_ISO_3166_country_codes","","Western Sahara","","","ESH"
"1571845386-160","https://simple.wikipedia.org/wiki/Comparison_of_IOC,_FIFA,_and_ISO_3166_country_codes","","New Caledonia","","NCL","NCL"
"1571845386-175","https://simple.wikipedia.org/wiki/Comparison_of_IOC,_FIFA,_and_ISO_3166_country_codes","","Papua New Guinea","PNG","PNG","PNG"
"1571845386-128","https://simple.wikipedia.org/wiki/Comparison_of_IOC,_FIFA,_and_ISO_3166_country_codes","","Liberia","LBR","LBR","LBR"
"1571845386-102","https://simple.wikipedia.org/wiki/Comparison_of_IOC,_FIFA,_and_ISO_3166_country_codes","","Hong Kong[9]","HKG","HKG","HKG"
"1571845386-130","https://simple.wikipedia.org/wiki/Comparison_of_IOC,_FIFA,_and_ISO_3166_country_codes","","Liechtenstein","LIE","LIE","LIE"
"1571845386-118","https://simple.wikipedia.org/wiki/Comparison_of_IOC,_FIFA,_and_ISO_3166_country_codes","","Kenya","KEN","KEN","KEN"
"1571845386-188","https://simple.wikipedia.org/wiki/Comparison_of_IOC,_FIFA,_and_ISO_3166_country_codes","","Saint Barthélemy","","","BLM"
"1571845386-49","https://simple.wikipedia.org/wiki/Comparison_of_IOC,_FIFA,_and_ISO_3166_country_codes","","Christmas Island","","","CXR"
"1571845386-64","https://simple.wikipedia.org/wiki/Comparison_of_IOC,_FIFA,_and_ISO_3166_country_codes","","Djibouti","DJI","DJI","DJI"
"1571845386-243","https://simple.wikipedia.org/wiki/Comparison_of_IOC,_FIFA,_and_ISO_3166_country_codes","","Uzbekistan","UZB","UZB","UZB"
"1571845386-179","https://simple.wikipedia.org/wiki/Comparison_of_IOC,_FIFA,_and_ISO_3166_country_codes","","Pitcairn Islands","","","PCN"
"1571845386-107","https://simple.wikipedia.org/wiki/Comparison_of_IOC,_FIFA,_and_ISO_3166_country_codes","","Iran","IRI","IRN","IRN"
"1571845386-194","https://simple.wikipedia.org/wiki/Comparison_of_IOC,_FIFA,_and_ISO_3166_country_codes","","Saint Vincent and the Grenadines","VIN","VIN","VCT"
"1571845386-178","https://simple.wikipedia.org/wiki/Comparison_of_IOC,_FIFA,_and_ISO_3166_country_codes","","Philippines","PHI","PHI","PHL"
"1571845386-173","https://simple.wikipedia.org/wiki/Comparison_of_IOC,_FIFA,_and_ISO_3166_country_codes","","Palestinian Authority","PLE","PLE","PSE"
"1571845386-239","https://simple.wikipedia.org/wiki/Comparison_of_IOC,_FIFA,_and_ISO_3166_country_codes","","United States","USA","USA","USA"
"1571845386-161","https://simple.wikipedia.org/wiki/Comparison_of_IOC,_FIFA,_and_ISO_3166_country_codes","","New Zealand","NZL","NZL","NZL"
"1571845386-163","https://simple.wikipedia.org/wiki/Comparison_of_IOC,_FIFA,_and_ISO_3166_country_codes","","Niger","NIG","NIG","NER"
"1571845386-231","https://simple.wikipedia.org/wiki/Comparison_of_IOC,_FIFA,_and_ISO_3166_country_codes","","Turkey","TUR","TUR","TUR"
"1571845386-246","https://simple.wikipedia.org/wiki/Comparison_of_IOC,_FIFA,_and_ISO_3166_country_codes","","Venezuela","VEN","VEN","VEN"
"1571845386-140","https://simple.wikipedia.org/wiki/Comparison_of_IOC,_FIFA,_and_ISO_3166_country_codes","","Malta","MLT","MLT","MLT"
"1571845386-74","https://simple.wikipedia.org/wiki/Comparison_of_IOC,_FIFA,_and_ISO_3166_country_codes","","Ethiopia","ETH","ETH","ETH"
"1571845386-233","https://simple.wikipedia.org/wiki/Comparison_of_IOC,_FIFA,_and_ISO_3166_country_codes","","Turks and Caicos Islands","","TCA","TCA"
"1571845386-228","https://simple.wikipedia.org/wiki/Comparison_of_IOC,_FIFA,_and_ISO_3166_country_codes","","Tonga","TGA","TGA","TON"
"1571845386-145","https://simple.wikipedia.org/wiki/Comparison_of_IOC,_FIFA,_and_ISO_3166_country_codes","","Mayotte","","","MYT"
"1571845386-61","https://simple.wikipedia.org/wiki/Comparison_of_IOC,_FIFA,_and_ISO_3166_country_codes","","Cyprus","CYP","CYP","CYP"
